,client_id,client_name,ph_number,email,tax_number,client_code_number,address
0,8149eeeb4f8b4b93972f900df61cc293,hello,1111,m@sa.com,55547,1124,sdfd
1,fe39421b28444b1cbe3666f3c8ae70d0,hello,1111,m@sa.com,55547,1124,sdfd
2,f0c6781295bb47f8aae7f8e93ec8c098,hello,1111,m@sa.com,55547,1124,sdfd
3,e94d8a5eb49343df85d48fa1ec9c6b95,hello,1111,m@sa.com,55547,1124,sdfd
4,8eb07b97e4f54af299c4c5703ce0f7aa,hello,1111,m@sa.com,55547,1124,sdfd
5,844f1a50bbce4067bfda32b11369cdf8,hello,1111,m@sa.com,55547,1124,sdfd
6,cf54e4e6e0f049fd87efd091b50ada65,hello,1111,m@sa.com,55547,1124,sdfd
7,06feb9c9e2b04311ae528d7810873d25,hello,1111,m@sa.com,55547,1124,sdfd
8,dca0b653e64c49fb99862411ccaf3c4e,hello,1111,m@sa.com,55547,1124,sdfd
9,e4483416356b420e897e68deade47acc,hello,1111,m@sa.com,55547,1124,sdfd
10,b07fc376b8d14333b70dacb53a1e6ea0,hello,1111,m@sa.com,55547,1124,sdfd
11,39b3a07c9f70427a8fe8174b7f648437,hello,1111,m@sa.com,55547,1124,sdfd
12,dee0b23d64a9461b98ae809789beb13c,hello,1111,m@sa.com,55547,1124,sdfd
13,c1cc31e4e39340cbbcc8d99e7ed3d61d,hello,1111,m@sa.com,55547,1124,sdfd
14,ed5d063a964f42349118ce5c41e2389b,hello,1111,m@sa.com,55547,1124,sdfd
15,ae71633182b0460d9a35201c67b26042,hello,1111,m@sa.com,55547,1124,sdfd
16,6e3ce34a6ee24ce9b2c0a1e4c9517fc3,hello,1111,m@sa.com,55547,1124,sdfd
17,8aa1de58b9aa4a5996aa374b69353c17,hello,1111,m@sa.com,55547,1124,sdfd
18,e75e6c370330455ab17dafbf8d061722,hello,1111,m@sa.com,55547,1124,sdfd
19,f10da5a4c5dc45a5bbead5b4d1a2e54c,hello,1111,m@sa.com,55547,1124,sdfd
20,0ee365928ae848dbb6e93d8204c32eb3,hello,1111,m@sa.com,55547,1124,sdfd
21,1d6319be24eb4398bf6040b364d51b10,hello,1111,m@sa.com,55547,1124,sdfd
22,17e1e57e94e84c4f8e66275689b991da,hello,1111,m@sa.com,55547,1124,sdfd
23,cb6747031a704b6f97f8aca312b2ae67,hello,1111,m@sa.com,55547,1124,sdfd
